Workbook

Sheet Market Averages
B2: Market Average Prelease Percentages
B4: Enter the market average prelease % for each bedroom type below.
B6: Bedroom Type | C6: Prelease %
B7: Studio | C7: 0.45
B8: 1 BR | C8: 0.5
B9: 2 BR | C9: 0.55
B10: 3 BR | C10: 0.6
B11: 4 BR | C11: 0.55
B12: 5 BR | C12: 0.5

Sheet Property Data
B2: Property & Floorplan Data Entry
B4: Enter property data below. Leave 'Prelease %' blank to use market averages.
B6: Property Name | C6: Floorplan Name | D6: Bedrooms | E6: Units | F6: Prelease % | G6: Effective % | H6: Total Beds | I6: Leased Beds
B7: The Heights | C7: Studio Deluxe | D7: Studio | E7: 24 | F7: 0.52 | G7: =IF(F7<>"",F7,IF(D7="Studio",'Market Averages'!$C$7,IF(D7="1 BR",'Market Averages'!$C$8,IF(D7="2 BR",'Market Averages'!$C$9,IF(D7="3 BR",'Market Averages'!$C$10,IF(D7="4 BR",'Market Averages'!$C$11,IF(D7="5 BR",'Market Averages'!$C$12,""))))))) | H7: =IF(OR(D7="",E7=""),"",IF(D7="Studio",1,IF(D7="1 BR",1,IF(D7="2 BR",2,IF(D7="3 BR",3,IF(D7="4 BR",4,IF(D7="5 BR",5,0))))))*E7) | I7: =IF(OR(H7="",G7=""),"",ROUND(H7*G7,0))
B8: The Heights | C8: A1 | D8: 1 BR | E8: 36 | F8: 0.52 | G8: =IF(F8<>"",F8,IF(D8="Studio",'Market Averages'!$C$7,IF(D8="1 BR",'Market Averages'!$C$8,IF(D8="2 BR",'Market Averages'!$C$9,IF(D8="3 BR",'Market Averages'!$C$10,IF(D8="4 BR",'Market Averages'!$C$11,IF(D8="5 BR",'Market Averages'!$C$12,""))))))) | H8: =IF(OR(D8="",E8=""),"",IF(D8="Studio",1,IF(D8="1 BR",1,IF(D8="2 BR",2,IF(D8="3 BR",3,IF(D8="4 BR",4,IF(D8="5 BR",5,0))))))*E8) | I8: =IF(OR(H8="",G8=""),"",ROUND(H8*G8,0))
B9: The Heights | C9: B1 | D9: 2 BR | E9: 48 | F9: 0.52 | G9: =IF(F9<>"",F9,IF(D9="Studio",'Market Averages'!$C$7,IF(D9="1 BR",'Market Averages'!$C$8,IF(D9="2 BR",'Market Averages'!$C$9,IF(D9="3 BR",'Market Averages'!$C$10,IF(D9="4 BR",'Market Averages'!$C$11,IF(D9="5 BR",'Market Averages'!$C$12,""))))))) | H9: =IF(OR(D9="",E9=""),"",IF(D9="Studio",1,IF(D9="1 BR",1,IF(D9="2 BR",2,IF(D9="3 BR",3,IF(D9="4 BR",4,IF(D9="5 BR",5,0))))))*E9) | I9: =IF(OR(H9="",G9=""),"",ROUND(H9*G9,0))
B10: The Heights | C10: B2 Premium | D10: 2 BR | E10: 24 | F10: 0.52 | G10: =IF(F10<>"",F10,IF(D10="Studio",'Market Averages'!$C$7,IF(D10="1 BR",'Market Averages'!$C$8,IF(D10="2 BR",'Market Averages'!$C$9,IF(D10="3 BR",'Market Averages'!$C$10,IF(D10="4 BR",'Market Averages'!$C$11,IF(D10="5 BR",'Market Averages'!$C$12,""))))))) | H10: =IF(OR(D10="",E10=""),"",IF(D10="Studio",1,IF(D10="1 BR",1,IF(D10="2 BR",2,IF(D10="3 BR",3,IF(D10="4 BR",4,IF(D10="5 BR",5,0))))))*E10) | I10: =IF(OR(H10="",G10=""),"",ROUND(H10*G10,0))
B11: The Heights | C11: C1 | D11: 3 BR | E11: 32 | F11: 0.52 | G11: =IF(F11<>"",F11,IF(D11="Studio",'Market Averages'!$C$7,IF(D11="1 BR",'Market Averages'!$C$8,IF(D11="2 BR",'Market Averages'!$C$9,IF(D11="3 BR",'Market Averages'!$C$10,IF(D11="4 BR",'Market Averages'!$C$11,IF(D11="5 BR",'Market Averages'!$C$12,""))))))) | H11: =IF(OR(D11="",E11=""),"",IF(D11="Studio",1,IF(D11="1 BR",1,IF(D11="2 BR",2,IF(D11="3 BR",3,IF(D11="4 BR",4,IF(D11="5 BR",5,0))))))*E11) | I11: =IF(OR(H11="",G11=""),"",ROUND(H11*G11,0))
B12: University Village | C12: Efficiency | D12: Studio | E12: 20 | G12: =IF(F12<>"",F12,IF(D12="Studio",'Market Averages'!$C$7,IF(D12="1 BR",'Market Averages'!$C$8,IF(D12="2 BR",'Market Averages'!$C$9,IF(D12="3 BR",'Market Averages'!$C$10,IF(D12="4 BR",'Market Averages'!$C$11,IF(D12="5 BR",'Market Averages'!$C$12,""))))))) | H12: =IF(OR(D12="",E12=""),"",IF(D12="Studio",1,IF(D12="1 BR",1,IF(D12="2 BR",2,IF(D12="3 BR",3,IF(D12="4 BR",4,IF(D12="5 BR",5,0))))))*E12) | I12: =IF(OR(H12="",G12=""),"",ROUND(H12*G12,0))
B13: University Village | C13: One Bed | D13: 1 BR | E13: 40 | G13: =IF(F13<>"",F13,IF(D13="Studio",'Market Averages'!$C$7,IF(D13="1 BR",'Market Averages'!$C$8,IF(D13="2 BR",'Market Averages'!$C$9,IF(D13="3 BR",'Market Averages'!$C$10,IF(D13="4 BR",'Market Averages'!$C$11,IF(D13="5 BR",'Market Averages'!$C$12,""))))))) | H13: =IF(OR(D13="",E13=""),"",IF(D13="Studio",1,IF(D13="1 BR",1,IF(D13="2 BR",2,IF(D13="3 BR",3,IF(D13="4 BR",4,IF(D13="5 BR",5,0))))))*E13) | I13: =IF(OR(H13="",G13=""),"",ROUND(H13*G13,0))
B14: University Village | C14: Two Bed A | D14: 2 BR | E14: 60 | G14: =IF(F14<>"",F14,IF(D14="Studio",'Market Averages'!$C$7,IF(D14="1 BR",'Market Averages'!$C$8,IF(D14="2 BR",'Market Averages'!$C$9,IF(D14="3 BR",'Market Averages'!$C$10,IF(D14="4 BR",'Market Averages'!$C$11,IF(D14="5 BR",'Market Averages'!$C$12,""))))))) | H14: =IF(OR(D14="",E14=""),"",IF(D14="Studio",1,IF(D14="1 BR",1,IF(D14="2 BR",2,IF(D14="3 BR",3,IF(D14="4 BR",4,IF(D14="5 BR",5,0))))))*E14) | I14: =IF(OR(H14="",G14=""),"",ROUND(H14*G14,0))
B15: University Village | C15: Two Bed B | D15: 2 BR | E15: 30 | G15: =IF(F15<>"",F15,IF(D15="Studio",'Market Averages'!$C$7,IF(D15="1 BR",'Market Averages'!$C$8,IF(D15="2 BR",'Market Averages'!$C$9,IF(D15="3 BR",'Market Averages'!$C$10,IF(D15="4 BR",'Market Averages'!$C$11,IF(D15="5 BR",'Market Averages'!$C$12,""))))))) | H15: =IF(OR(D15="",E15=""),"",IF(D15="Studio",1,IF(D15="1 BR",1,IF(D15="2 BR",2,IF(D15="3 BR",3,IF(D15="4 BR",4,IF(D15="5 BR",5,0))))))*E15) | I15: =IF(OR(H15="",G15=""),"",ROUND(H15*G15,0))
B16: University Village | C16: Three Bed | D16: 3 BR | E16: 48 | G16: =IF(F16<>"",F16,IF(D16="Studio",'Market Averages'!$C$7,IF(D16="1 BR",'Market Averages'!$C$8,IF(D16="2 BR",'Market Averages'!$C$9,IF(D16="3 BR",'Market Averages'!$C$10,IF(D16="4 BR",'Market Averages'!$C$11,IF(D16="5 BR",'Market Averages'!$C$12,""))))))) | H16: =IF(OR(D16="",E16=""),"",IF(D16="Studio",1,IF(D16="1 BR",1,IF(D16="2 BR",2,IF(D16="3 BR",3,IF(D16="4 BR",4,IF(D16="5 BR",5,0))))))*E16) | I16: =IF(OR(H16="",G16=""),"",ROUND(H16*G16,0))
B17: University Village | C17: Four Bed | D17: 4 BR | E17: 24 | G17: =IF(F17<>"",F17,IF(D17="Studio",'Market Averages'!$C$7,IF(D17="1 BR",'Market Averages'!$C$8,IF(D17="2 BR",'Market Averages'!$C$9,IF(D17="3 BR",'Market Averages'!$C$10,IF(D17="4 BR",'Market Averages'!$C$11,IF(D17="5 BR",'Market Averages'!$C$12,""))))))) | H17: =IF(OR(D17="",E17=""),"",IF(D17="Studio",1,IF(D17="1 BR",1,IF(D17="2 BR",2,IF(D17="3 BR",3,IF(D17="4 BR",4,IF(D17="5 BR",5,0))))))*E17) | I17: =IF(OR(H17="",G17=""),"",ROUND(H17*G17,0))
B18: Campus Edge | C18: Studio | D18: Studio | E18: 16 | F18: 0.48 | G18: =IF(F18<>"",F18,IF(D18="Studio",'Market Averages'!$C$7,IF(D18="1 BR",'Market Averages'!$C$8,IF(D18="2 BR",'Market Averages'!$C$9,IF(D18="3 BR",'Market Averages'!$C$10,IF(D18="4 BR",'Market Averages'!$C$11,IF(D18="5 BR",'Market Averages'!$C$12,""))))))) | H18: =IF(OR(D18="",E18=""),"",IF(D18="Studio",1,IF(D18="1 BR",1,IF(D18="2 BR",2,IF(D18="3 BR",3,IF(D18="4 BR",4,IF(D18="5 BR",5,0))))))*E18) | I18: =IF(OR(H18="",G18=""),"",ROUND(H18*G18,0))
B19: Campus Edge | C19: 1BR Classic | D19: 1 BR | E19: 32 | F19: 0.48 | G19: =IF(F19<>"",F19,IF(D19="Studio",'Market Averages'!$C$7,IF(D19="1 BR",'Market Averages'!$C$8,IF(D19="2 BR",'Market Averages'!$C$9,IF(D19="3 BR",'Market Averages'!$C$10,IF(D19="4 BR",'Market Averages'!$C$11,IF(D19="5 BR",'Market Averages'!$C$12,""))))))) | H19: =IF(OR(D19="",E19=""),"",IF(D19="Studio",1,IF(D19="1 BR",1,IF(D19="2 BR",2,IF(D19="3 BR",3,IF(D19="4 BR",4,IF(D19="5 BR",5,0))))))*E19) | I19: =IF(OR(H19="",G19=""),"",ROUND(H19*G19,0))
B20: Campus Edge | C20: 2BR Standard | D20: 2 BR | E20: 40 | F20: 0.48 | G20: =IF(F20<>"",F20,IF(D20="Studio",'Market Averages'!$C$7,IF(D20="1 BR",'Market Averages'!$C$8,IF(D20="2 BR",'Market Averages'!$C$9,IF(D20="3 BR",'Market Averages'!$C$10,IF(D20="4 BR",'Market Averages'!$C$11,IF(D20="5 BR",'Market Averages'!$C$12,""))))))) | H20: =IF(OR(D20="",E20=""),"",IF(D20="Studio",1,IF(D20="1 BR",1,IF(D20="2 BR",2,IF(D20="3 BR",3,IF(D20="4 BR",4,IF(D20="5 BR",5,0))))))*E20) | I20: =IF(OR(H20="",G20=""),"",ROUND(H20*G20,0))
B21: Campus Edge | C21: 3BR Townhome | D21: 3 BR | E21: 20 | F21: 0.48 | G21: =IF(F21<>"",F21,IF(D21="Studio",'Market Averages'!$C$7,IF(D21="1 BR",'Market Averages'!$C$8,IF(D21="2 BR",'Market Averages'!$C$9,IF(D21="3 BR",'Market Averages'!$C$10,IF(D21="4 BR",'Market Averages'!$C$11,IF(D21="5 BR",'Market Averages'!$C$12,""))))))) | H21: =IF(OR(D21="",E21=""),"",IF(D21="Studio",1,IF(D21="1 BR",1,IF(D21="2 BR",2,IF(D21="3 BR",3,IF(D21="4 BR",4,IF(D21="5 BR",5,0))))))*E21) | I21: =IF(OR(H21="",G21=""),"",ROUND(H21*G21,0))
G22: =IF(F22<>"",F22,IF(D22="Studio",'Market Averages'!$C$7,IF(D22="1 BR",'Market Averages'!$C$8,IF(D22="2 BR",'Market Averages'!$C$9,IF(D22="3 BR",'Market Averages'!$C$10,IF(D22="4 BR",'Market Averages'!$C$11,IF(D22="5 BR",'Market Averages'!$C$12,""))))))) | H22: =IF(OR(D22="",E22=""),"",IF(D22="Studio",1,IF(D22="1 BR",1,IF(D22="2 BR",2,IF(D22="3 BR",3,IF(D22="4 BR",4,IF(D22="5 BR",5,0))))))*E22) | I22: =IF(OR(H22="",G22=""),"",ROUND(H22*G22,0))
G23: =IF(F23<>"",F23,IF(D23="Studio",'Market Averages'!$C$7,IF(D23="1 BR",'Market Averages'!$C$8,IF(D23="2 BR",'Market Averages'!$C$9,IF(D23="3 BR",'Market Averages'!$C$10,IF(D23="4 BR",'Market Averages'!$C$11,IF(D23="5 BR",'Market Averages'!$C$12,""))))))) | H23: =IF(OR(D23="",E23=""),"",IF(D23="Studio",1,IF(D23="1 BR",1,IF(D23="2 BR",2,IF(D23="3 BR",3,IF(D23="4 BR",4,IF(D23="5 BR",5,0))))))*E23) | I23: =IF(OR(H23="",G23=""),"",ROUND(H23*G23,0))
G24: =IF(F24<>"",F24,IF(D24="Studio",'Market Averages'!$C$7,IF(D24="1 BR",'Market Averages'!$C$8,IF(D24="2 BR",'Market Averages'!$C$9,IF(D24="3 BR",'Market Averages'!$C$10,IF(D24="4 BR",'Market Averages'!$C$11,IF(D24="5 BR",'Market Averages'!$C$12,""))))))) | H24: =IF(OR(D24="",E24=""),"",IF(D24="Studio",1,IF(D24="1 BR",1,IF(D24="2 BR",2,IF(D24="3 BR",3,IF(D24="4 BR",4,IF(D24="5 BR",5,0))))))*E24) | I24: =IF(OR(H24="",G24=""),"",ROUND(H24*G24,0))
G25: =IF(F25<>"",F25,IF(D25="Studio",'Market Averages'!$C$7,IF(D25="1 BR",'Market Averages'!$C$8,IF(D25="2 BR",'Market Averages'!$C$9,IF(D25="3 BR",'Market Averages'!$C$10,IF(D25="4 BR",'Market Averages'!$C$11,IF(D25="5 BR",'Market Averages'!$C$12,""))))))) | H25: =IF(OR(D25="",E25=""),"",IF(D25="Studio",1,IF(D25="1 BR",1,IF(D25="2 BR",2,IF(D25="3 BR",3,IF(D25="4 BR",4,IF(D25="5 BR",5,0))))))*E25) | I25: =IF(OR(H25="",G25=""),"",ROUND(H25*G25,0))
G26: =IF(F26<>"",F26,IF(D26="Studio",'Market Averages'!$C$7,IF(D26="1 BR",'Market Averages'!$C$8,IF(D26="2 BR",'Market Averages'!$C$9,IF(D26="3 BR",'Market Averages'!$C$10,IF(D26="4 BR",'Market Averages'!$C$11,IF(D26="5 BR",'Market Averages'!$C$12,""))))))) | H26: =IF(OR(D26="",E26=""),"",IF(D26="Studio",1,IF(D26="1 BR",1,IF(D26="2 BR",2,IF(D26="3 BR",3,IF(D26="4 BR",4,IF(D26="5 BR",5,0))))))*E26) | I26: =IF(OR(H26="",G26=""),"",ROUND(H26*G26,0))
G27: =IF(F27<>"",F27,IF(D27="Studio",'Market Averages'!$C$7,IF(D27="1 BR",'Market Averages'!$C$8,IF(D27="2 BR",'Market Averages'!$C$9,IF(D27="3 BR",'Market Averages'!$C$10,IF(D27="4 BR",'Market Averages'!$C$11,IF(D27="5 BR",'Market Averages'!$C$12,""))))))) | H27: =IF(OR(D27="",E27=""),"",IF(D27="Studio",1,IF(D27="1 BR",1,IF(D27="2 BR",2,IF(D27="3 BR",3,IF(D27="4 BR",4,IF(D27="5 BR",5,0))))))*E27) | I27: =IF(OR(H27="",G27=""),"",ROUND(H27*G27,0))
G28: =IF(F28<>"",F28,IF(D28="Studio",'Market Averages'!$C$7,IF(D28="1 BR",'Market Averages'!$C$8,IF(D28="2 BR",'Market Averages'!$C$9,IF(D28="3 BR",'Market Averages'!$C$10,IF(D28="4 BR",'Market Averages'!$C$11,IF(D28="5 BR",'Market Averages'!$C$12,""))))))) | H28: =IF(OR(D28="",E28=""),"",IF(D28="Studio",1,IF(D28="1 BR",1,IF(D28="2 BR",2,IF(D28="3 BR",3,IF(D28="4 BR",4,IF(D28="5 BR",5,0))))))*E28) | I28: =IF(OR(H28="",G28=""),"",ROUND(H28*G28,0))
G29: =IF(F29<>"",F29,IF(D29="Studio",'Market Averages'!$C$7,IF(D29="1 BR",'Market Averages'!$C$8,IF(D29="2 BR",'Market Averages'!$C$9,IF(D29="3 BR",'Market Averages'!$C$10,IF(D29="4 BR",'Market Averages'!$C$11,IF(D29="5 BR",'Market Averages'!$C$12,""))))))) | H29: =IF(OR(D29="",E29=""),"",IF(D29="Studio",1,IF(D29="1 BR",1,IF(D29="2 BR",2,IF(D29="3 BR",3,IF(D29="4 BR",4,IF(D29="5 BR",5,0))))))*E29) | I29: =IF(OR(H29="",G29=""),"",ROUND(H29*G29,0))
G30: =IF(F30<>"",F30,IF(D30="Studio",'Market Averages'!$C$7,IF(D30="1 BR",'Market Averages'!$C$8,IF(D30="2 BR",'Market Averages'!$C$9,IF(D30="3 BR",'Market Averages'!$C$10,IF(D30="4 BR",'Market Averages'!$C$11,IF(D30="5 BR",'Market Averages'!$C$12,""))))))) | H30: =IF(OR(D30="",E30=""),"",IF(D30="Studio",1,IF(D30="1 BR",1,IF(D30="2 BR",2,IF(D30="3 BR",3,IF(D30="4 BR",4,IF(D30="5 BR",5,0))))))*E30) | I30: =IF(OR(H30="",G30=""),"",ROUND(H30*G30,0))
G31: =IF(F31<>"",F31,IF(D31="Studio",'Market Averages'!$C$7,IF(D31="1 BR",'Market Averages'!$C$8,IF(D31="2 BR",'Market Averages'!$C$9,IF(D31="3 BR",'Market Averages'!$C$10,IF(D31="4 BR",'Market Averages'!$C$11,IF(D31="5 BR",'Market Averages'!$C$12,""))))))) | H31: =IF(OR(D31="",E31=""),"",IF(D31="Studio",1,IF(D31="1 BR",1,IF(D31="2 BR",2,IF(D31="3 BR",3,IF(D31="4 BR",4,IF(D31="5 BR",5,0))))))*E31) | I31: =IF(OR(H31="",G31=""),"",ROUND(H31*G31,0))
G32: =IF(F32<>"",F32,IF(D32="Studio",'Market Averages'!$C$7,IF(D32="1 BR",'Market Averages'!$C$8,IF(D32="2 BR",'Market Averages'!$C$9,IF(D32="3 BR",'Market Averages'!$C$10,IF(D32="4 BR",'Market Averages'!$C$11,IF(D32="5 BR",'Market Averages'!$C$12,""))))))) | H32: =IF(OR(D32="",E32=""),"",IF(D32="Studio",1,IF(D32="1 BR",1,IF(D32="2 BR",2,IF(D32="3 BR",3,IF(D32="4 BR",4,IF(D32="5 BR",5,0))))))*E32) | I32: =IF(OR(H32="",G32=""),"",ROUND(H32*G32,0))
G33: =IF(F33<>"",F33,IF(D33="Studio",'Market Averages'!$C$7,IF(D33="1 BR",'Market Averages'!$C$8,IF(D33="2 BR",'Market Averages'!$C$9,IF(D33="3 BR",'Market Averages'!$C$10,IF(D33="4 BR",'Market Averages'!$C$11,IF(D33="5 BR",'Market Averages'!$C$12,""))))))) | H33: =IF(OR(D33="",E33=""),"",IF(D33="Studio",1,IF(D33="1 BR",1,IF(D33="2 BR",2,IF(D33="3 BR",3,IF(D33="4 BR",4,IF(D33="5 BR",5,0))))))*E33) | I33: =IF(OR(H33="",G33=""),"",ROUND(H33*G33,0))
... G106: =IF(F106<>"",F106,IF(D106="Studio",'Market Averages'!$C$7,IF(D106="1 BR",'Market Averages'!$C$8,IF(D106="2 BR",'Market Averages'!$C$9,IF(D106="3 BR",'Market Averages'!$C$10,IF(D106="4 BR",'Market Averages'!$C$11,IF(D106="5 BR",'Market Averages'!$C$12,""))))))) | H106: =IF(OR(D106="",E106=""),"",IF(D106="Studio",1,IF(D106="1 BR",1,IF(D106="2 BR",2,IF(D106="3 BR",3,IF(D106="4 BR",4,IF(D106="5 BR",5,0))))))*E106) | I106: =IF(OR(H106="",G106=""),"",ROUND(H106*G106,0))

Sheet Leased Beds Report
B2: Leased Beds Summary Report
B3: =TODAY()
B5: This report auto-updates from Property Data. Copy this table for your reports.
B7: Property Name | C7: Floorplan | D7: Beds/Unit | E7: Total Beds | F7: Prelease % | G7: Leased Beds
B8: =IF('Property Data'!B7="","",'Property Data'!B7) | C8: =IF('Property Data'!C7="","",'Property Data'!C7) | D8: =IF('Property Data'!D7="","",IF('Property Data'!D7="Studio",1,IF('Property Data'!D7="1 BR",1,IF('Property Data'!D7="2 BR",2,IF('Property Data'!D7="3 BR",3,IF('Property Data'!D7="4 BR",4,IF('Property Data'!D7="5 BR",5,""))))))) | E8: =IF('Property Data'!H7="","",'Property Data'!H7) | F8: =IF('Property Data'!G7="","",'Property Data'!G7) | G8: =IF('Property Data'!I7="","",'Property Data'!I7)
B9: =IF('Property Data'!B8="","",'Property Data'!B8) | C9: =IF('Property Data'!C8="","",'Property Data'!C8) | D9: =IF('Property Data'!D8="","",IF('Property Data'!D8="Studio",1,IF('Property Data'!D8="1 BR",1,IF('Property Data'!D8="2 BR",2,IF('Property Data'!D8="3 BR",3,IF('Property Data'!D8="4 BR",4,IF('Property Data'!D8="5 BR",5,""))))))) | E9: =IF('Property Data'!H8="","",'Property Data'!H8) | F9: =IF('Property Data'!G8="","",'Property Data'!G8) | G9: =IF('Property Data'!I8="","",'Property Data'!I8)
B10: =IF('Property Data'!B9="","",'Property Data'!B9) | C10: =IF('Property Data'!C9="","",'Property Data'!C9) | D10: =IF('Property Data'!D9="","",IF('Property Data'!D9="Studio",1,IF('Property Data'!D9="1 BR",1,IF('Property Data'!D9="2 BR",2,IF('Property Data'!D9="3 BR",3,IF('Property Data'!D9="4 BR",4,IF('Property Data'!D9="5 BR",5,""))))))) | E10: =IF('Property Data'!H9="","",'Property Data'!H9) | F10: =IF('Property Data'!G9="","",'Property Data'!G9) | G10: =IF('Property Data'!I9="","",'Property Data'!I9)
B11: =IF('Property Data'!B10="","",'Property Data'!B10) | C11: =IF('Property Data'!C10="","",'Property Data'!C10) | D11: =IF('Property Data'!D10="","",IF('Property Data'!D10="Studio",1,IF('Property Data'!D10="1 BR",1,IF('Property Data'!D10="2 BR",2,IF('Property Data'!D10="3 BR",3,IF('Property Data'!D10="4 BR",4,IF('Property Data'!D10="5 BR",5,""))))))) | E11: =IF('Property Data'!H10="","",'Property Data'!H10) | F11: =IF('Property Data'!G10="","",'Property Data'!G10) | G11: =IF('Property Data'!I10="","",'Property Data'!I10)
B12: =IF('Property Data'!B11="","",'Property Data'!B11) | C12: =IF('Property Data'!C11="","",'Property Data'!C11) | D12: =IF('Property Data'!D11="","",IF('Property Data'!D11="Studio",1,IF('Property Data'!D11="1 BR",1,IF('Property Data'!D11="2 BR",2,IF('Property Data'!D11="3 BR",3,IF('Property Data'!D11="4 BR",4,IF('Property Data'!D11="5 BR",5,""))))))) | E12: =IF('Property Data'!H11="","",'Property Data'!H11) | F12: =IF('Property Data'!G11="","",'Property Data'!G11) | G12: =IF('Property Data'!I11="","",'Property Data'!I11)
B13: =IF('Property Data'!B12="","",'Property Data'!B12) | C13: =IF('Property Data'!C12="","",'Property Data'!C12) | D13: =IF('Property Data'!D12="","",IF('Property Data'!D12="Studio",1,IF('Property Data'!D12="1 BR",1,IF('Property Data'!D12="2 BR",2,IF('Property Data'!D12="3 BR",3,IF('Property Data'!D12="4 BR",4,IF('Property Data'!D12="5 BR",5,""))))))) | E13: =IF('Property Data'!H12="","",'Property Data'!H12) | F13: =IF('Property Data'!G12="","",'Property Data'!G12) | G13: =IF('Property Data'!I12="","",'Property Data'!I12)
B14: =IF('Property Data'!B13="","",'Property Data'!B13) | C14: =IF('Property Data'!C13="","",'Property Data'!C13) | D14: =IF('Property Data'!D13="","",IF('Property Data'!D13="Studio",1,IF('Property Data'!D13="1 BR",1,IF('Property Data'!D13="2 BR",2,IF('Property Data'!D13="3 BR",3,IF('Property Data'!D13="4 BR",4,IF('Property Data'!D13="5 BR",5,""))))))) | E14: =IF('Property Data'!H13="","",'Property Data'!H13) | F14: =IF('Property Data'!G13="","",'Property Data'!G13) | G14: =IF('Property Data'!I13="","",'Property Data'!I13)
B15: =IF('Property Data'!B14="","",'Property Data'!B14) | C15: =IF('Property Data'!C14="","",'Property Data'!C14) | D15: =IF('Property Data'!D14="","",IF('Property Data'!D14="Studio",1,IF('Property Data'!D14="1 BR",1,IF('Property Data'!D14="2 BR",2,IF('Property Data'!D14="3 BR",3,IF('Property Data'!D14="4 BR",4,IF('Property Data'!D14="5 BR",5,""))))))) | E15: =IF('Property Data'!H14="","",'Property Data'!H14) | F15: =IF('Property Data'!G14="","",'Property Data'!G14) | G15: =IF('Property Data'!I14="","",'Property Data'!I14)
B16: =IF('Property Data'!B15="","",'Property Data'!B15) | C16: =IF('Property Data'!C15="","",'Property Data'!C15) | D16: =IF('Property Data'!D15="","",IF('Property Data'!D15="Studio",1,IF('Property Data'!D15="1 BR",1,IF('Property Data'!D15="2 BR",2,IF('Property Data'!D15="3 BR",3,IF('Property Data'!D15="4 BR",4,IF('Property Data'!D15="5 BR",5,""))))))) | E16: =IF('Property Data'!H15="","",'Property Data'!H15) | F16: =IF('Property Data'!G15="","",'Property Data'!G15) | G16: =IF('Property Data'!I15="","",'Property Data'!I15)
B17: =IF('Property Data'!B16="","",'Property Data'!B16) | C17: =IF('Property Data'!C16="","",'Property Data'!C16) | D17: =IF('Property Data'!D16="","",IF('Property Data'!D16="Studio",1,IF('Property Data'!D16="1 BR",1,IF('Property Data'!D16="2 BR",2,IF('Property Data'!D16="3 BR",3,IF('Property Data'!D16="4 BR",4,IF('Property Data'!D16="5 BR",5,""))))))) | E17: =IF('Property Data'!H16="","",'Property Data'!H16) | F17: =IF('Property Data'!G16="","",'Property Data'!G16) | G17: =IF('Property Data'!I16="","",'Property Data'!I16)
B18: =IF('Property Data'!B17="","",'Property Data'!B17) | C18: =IF('Property Data'!C17="","",'Property Data'!C17) | D18: =IF('Property Data'!D17="","",IF('Property Data'!D17="Studio",1,IF('Property Data'!D17="1 BR",1,IF('Property Data'!D17="2 BR",2,IF('Property Data'!D17="3 BR",3,IF('Property Data'!D17="4 BR",4,IF('Property Data'!D17="5 BR",5,""))))))) | E18: =IF('Property Data'!H17="","",'Property Data'!H17) | F18: =IF('Property Data'!G17="","",'Property Data'!G17) | G18: =IF('Property Data'!I17="","",'Property Data'!I17)
B19: =IF('Property Data'!B18="","",'Property Data'!B18) | C19: =IF('Property Data'!C18="","",'Property Data'!C18) | D19: =IF('Property Data'!D18="","",IF('Property Data'!D18="Studio",1,IF('Property Data'!D18="1 BR",1,IF('Property Data'!D18="2 BR",2,IF('Property Data'!D18="3 BR",3,IF('Property Data'!D18="4 BR",4,IF('Property Data'!D18="5 BR",5,""))))))) | E19: =IF('Property Data'!H18="","",'Property Data'!H18) | F19: =IF('Property Data'!G18="","",'Property Data'!G18) | G19: =IF('Property Data'!I18="","",'Property Data'!I18)
... B107: =IF('Property Data'!B106="","",'Property Data'!B106) | C107: =IF('Property Data'!C106="","",'Property Data'!C106) | D107: =IF('Property Data'!D106="","",IF('Property Data'!D106="Studio",1,IF('Property Data'!D106="1 BR",1,IF('Property Data'!D106="2 BR",2,IF('Property Data'!D106="3 BR",3,IF('Property Data'!D106="4 BR",4,IF('Property Data'!D106="5 BR",5,""))))))) | E107: =IF('Property Data'!H106="","",'Property Data'!H106) | F107: =IF('Property Data'!G106="","",'Property Data'!G106) | G107: =IF('Property Data'!I106="","",'Property Data'!I106)
B110: TOTALS | E110: =SUMIF(E8:E107,"<>""") | G110: =SUMIF(G8:G107,"<>""")
B112: Overall Prelease: | C112: =IF(E110=0,"",G110/E110)
